{
  "project_info": {
    "project_number": "240728397258",
    "project_id": "convertor-app-a7d37",
    "storage_bucket": "convertor-app-a7d37.firebasestorage.app"
  },
  "client": [
    {
      "client_info": {
        "mobilesdk_app_id": "1:240728397258:android:66979f133b72397b85ab33",
        "android_client_info": {
          "package_name": "com.example.final_app"
        }
      },
      "oauth_client": [],
      "api_key": [
        {
          "current_key": "AIzaSyB8TmlBl5Kbp0HgyoWUQ9rFMkEqluTuPdY"
        }
      ],
      "services": {
        "appinvite_service": {
          "other_platform_oauth_client": []
        }
      }
    },
    {
      "client_info": {
        "mobilesdk_app_id": "1:240728397258:android:847594d410cd623d85ab33",
        "android_client_info": {
          "package_name": "com.example.login"
        }
      },
      "oauth_client": [],
      "api_key": [
        {
          "current_key": "AIzaSyB8TmlBl5Kbp0HgyoWUQ9rFMkEqluTuPdY"
        }
      ],
      "services": {
        "appinvite_service": {
          "other_platform_oauth_client": []
        }
      }
    },
    {
      "client_info": {
        "mobilesdk_app_id": "1:240728397258:android:14d0adf4bd7abb9d85ab33",
        "android_client_info": {
          "package_name": "com.example.myapp"
        }
      },
      "oauth_client": [],
      "api_key": [
        {
          "current_key": "AIzaSyB8TmlBl5Kbp0HgyoWUQ9rFMkEqluTuPdY"
        }
      ],
      "services": {
        "appinvite_service": {
          "other_platform_oauth_client": []
        }
      }
    }
  ],
  "configuration_version": "1"
}