{"flutter":{"platforms":{"android":{"default":{"projectId":"convertor-app-a7d37","appId":"1:240728397258:android:66979f133b72397b85ab33","fileOutput":"android/app/google-services.json"}},"dart":{"lib/firebase_options.dart":{"projectId":"convertor-app-a7d37","configurations":{"android":"1:240728397258:android:66979f133b72397b85ab33","ios":"1:240728397258:ios:603abd389ccd5d7585ab33","macos":"1:240728397258:ios:603abd389ccd5d7585ab33","web":"1:240728397258:web:c7de119a00533d2d85ab33","windows":"1:240728397258:web:b08a57625145ae0a85ab33"}}}}}}